id,first_name,last_name,email
1,Patrick,Ryan,pryan0@yellowpages.com
2,Randy,Payne,rpayne1@tripod.com
3,Elizabeth,Reynolds,ereynolds2@studiopress.com
4,Daniel,Watkins,dwatkins3@cbsnews.com
5,Michael,Peters,mpeters4@pen.io
6,Irene,Davis,idavis5@cnn.com
7,Christopher,Ellis,cellis6@de.vu
8,Willie,Bowman,wbowman7@unc.edu
9,Gregory,Brooks,gbrooks8@friendfeed.com
10,Jerry,Gilbert,jgilbert9@1688.com
11,Carolyn,Fuller,cfullera@woothemes.com
12,Nicholas,Cunningham,ncunninghamb@va.gov
13,Bobby,Ray,brayc@altervista.org
14,Christine,Palmer,cpalmerd@wix.com
15,Johnny,Wagner,jwagnere@is.gd
16,Christina,Fox,cfoxf@shareasale.com
17,Walter,Bennett,wbennettg@archive.org
18,Maria,Jenkins,mjenkinsh@miitbeian.gov.cn
19,Kevin,Bryant,kbryanti@hugedomains.com
20,Sarah,Snyder,ssnyderj@hhs.gov
21,Melissa,Gordon,mgordonk@washington.edu
22,Timothy,Montgomery,tmontgomeryl@mysql.com
23,Bobby,Wood,bwoodm@flavors.me
24,Arthur,Henderson,ahendersonn@craigslist.org
25,Joan,Allen,jalleno@usda.gov
26,Michael,Jordan,mjordanp@typepad.com
27,Jose,Lewis,jlewisq@jugem.jp
28,Wanda,Fuller,wfullerr@stanford.edu
29,Randy,Gutierrez,rgutierrezs@blogger.com
30,Tammy,Hudson,thudsont@google.es
31,George,Dunn,gdunnu@twitpic.com
32,Steven,Stewart,sstewartv@cargocollective.com
33,Joyce,Anderson,jandersonw@lycos.com
34,Virginia,Garcia,vgarciax@epa.gov
35,Frank,Johnston,fjohnstony@people.com.cn
36,David,Young,dyoungz@bluehost.com
37,Catherine,Johnston,cjohnston10@columbia.edu
38,Jeffrey,Watkins,jwatkins11@oaic.gov.au
39,Samuel,Holmes,sholmes12@ask.com
40,Phillip,Allen,pallen13@ebay.co.uk
41,Sarah,Payne,spayne14@issuu.com
42,Rose,Perkins,rperkins15@nature.com
43,Anthony,Ramos,aramos16@histats.com
44,Lori,Garcia,lgarcia17@un.org
45,Deborah,Dixon,ddixon18@example.com
46,Samuel,Mitchell,smitchell19@chron.com
47,Beverly,Alexander,balexander1a@biblegateway.com
48,Nancy,Baker,nbaker1b@zdnet.com
49,Lois,Hawkins,lhawkins1c@slideshare.net
50,Jesse,Gomez,jgomez1d@lycos.com
51,Paul,Reid,preid1e@gravatar.com
52,Gloria,Jones,gjones1f@flickr.com
53,Clarence,Adams,cadams1g@github.io
54,Joe,Cole,jcole1h@cbc.ca
55,Samuel,Wagner,swagner1i@etsy.com
56,Rachel,Austin,raustin1j@tiny.cc
57,Barbara,Gibson,bgibson1k@examiner.com
58,Ronald,Henry,rhenry1l@guardian.co.uk
59,Edward,Hughes,ehughes1m@a8.net
60,Christina,Grant,cgrant1n@dedecms.com
61,Nicole,Harper,nharper1o@imgur.com
62,Juan,Fernandez,jfernandez1p@hc360.com
63,Jean,Harrison,jharrison1q@jimdo.com
64,Joan,White,jwhite1r@goo.ne.jp
65,David,Oliver,doliver1s@51.la
66,Mary,Howell,mhowell1t@themeforest.net
67,Jesse,Freeman,jfreeman1u@virginia.edu
68,Frances,Armstrong,farmstrong1v@wordpress.org
69,Anthony,Lee,alee1w@patch.com
70,Matthew,Ferguson,mferguson1x@topsy.com
71,Brenda,Rose,brose1y@telegraph.co.uk
72,Betty,Hernandez,bhernandez1z@google.com.au
73,Kathryn,Foster,kfoster20@google.it
74,Linda,Taylor,ltaylor21@google.ca
75,Sarah,Lawrence,slawrence22@mozilla.org
76,Alice,Rose,arose23@shutterfly.com
77,Lawrence,Hansen,lhansen24@wikia.com
78,Sharon,Romero,sromero25@t-online.de
79,Ruby,Morales,rmorales26@amazon.de
80,Adam,Rose,arose27@rediff.com
81,Craig,Burns,cburns28@marriott.com
82,William,Kim,wkim29@washington.edu
83,Larry,Fisher,lfisher2a@shinystat.com
84,Marilyn,Richards,mrichards2b@cbc.ca
85,Chris,Stewart,cstewart2c@i2i.jp
86,Jean,Diaz,jdiaz2d@blogger.com
87,Louise,Patterson,lpatterson2e@github.io
88,Anna,Carter,acarter2f@chicagotribune.com
89,Heather,Mason,hmason2g@arizona.edu
90,Stephanie,Howard,showard2h@shareasale.com
91,Katherine,Alvarez,kalvarez2i@squarespace.com
92,Elizabeth,Cole,ecole2j@t.co
93,Sean,Torres,storres2k@lycos.com
94,Antonio,Stanley,astanley2l@oakley.com
95,Richard,Woods,rwoods2m@php.net
96,Billy,Franklin,bfranklin2n@dropbox.com
97,Amy,Bradley,abradley2o@house.gov
98,Charles,Chapman,cchapman2p@a8.net
99,Katherine,White,kwhite2q@slideshare.net
100,Gerald,Richardson,grichardson2r@scientificamerican.com
